Date,Merchant,Category,Account,Original Statement,Notes,Amount,Tags,Owner,Reviewed,Id
2025-01-01,Fictional Reserve Ledger,Internal transfer,Fictional Reserve Pocket 01,Fictional supplied statement,Fictional independently authored ledger event,1.37,pair:pocket-in-1:2025-01-01,Fictional Aster,true,fictional-tx-000002
2025-01-01,Fictional Reserve Ledger,Internal transfer,Fictional Reserve Pocket 01,Fictional supplied statement,Fictional independently authored ledger event,-1.37,pair:pocket-out-1:2025-01-01,Fictional Aster,true,fictional-tx-000003
2025-01-01,Fictional Reserve Ledger,Internal transfer,Fictional Household Cash,Fictional supplied statement,Fictional independently authored ledger event,1.37,pair:pocket-out-1:2025-01-01,Fictional Aster,true,fictional-tx-000004
2025-01-01,Fictional Reserve Ledger,Internal transfer,Fictional Household Cash,Fictional supplied statement,Fictional independently authored ledger event,-1.37,pair:pocket-in-2:2025-01-01,Fictional Aster,true,fictional-tx-000005
2025-01-01,Fictional Reserve Ledger,Internal transfer,Fictional Reserve Pocket 02,Fictional supplied statement,Fictional independently authored ledger event,1.37,pair:pocket-in-2:2025-01-01,Fictional Aster,true,fictional-tx-000006
2025-01-01,Fictional Reserve Ledger,Internal transfer,Fictional Reserve Pocket 02,Fictional supplied statement,Fictional independently authored ledger event,-1.37,pair:pocket-out-2:2025-01-01,Fictional Aster,true,fictional-tx-000007
2025-01-01,Fictional Reserve Ledger,Internal transfer,Fictional Household Cash,Fictional supplied statement,Fictional independently authored ledger event,1.37,pair:pocket-out-2:2025-01-01,Fictional Aster,true,fictional-tx-000008
2025-01-01,Fictional Reserve Ledger,Internal transfer,Fictional Household Cash,Fictional supplied statement,Fictional independently authored ledger event,-1.37,pair:pocket-in-3:2025-01-01,Fictional Aster,true,fictional-tx-000009
2025-01-01,Fictional Reserve Ledger,Internal transfer,Fictional Reserve Pocket 03,Fictional supplied statement,Fictional independently authored ledger event,1.37,pair:pocket-in-3:2025-01-01,Fictional Aster,true,fictional-tx-000010
2025-01-01,Fictional Reserve Ledger,Internal transfer,Fictional Reserve Pocket 03,Fictional supplied statement,Fictional independently authored ledger event,-1.37,pair:pocket-out-3:2025-01-01,Fictional Aster,true,fictional-tx-000011
2025-01-01,Fictional Reserve Ledger,Internal transfer,Fictional Household Cash,Fictional supplied statement,Fictional independently authored ledger event,1.37,pair:pocket-out-3:2025-01-01,Fictional Aster,true,fictional-tx-000012
2025-01-01,Fictional Reserve Ledger,Internal transfer,Fictional Household Cash,Fictional supplied statement,Fictional independently authored ledger event,-1.37,pair:pocket-in-4:2025-01-01,Fictional Aster,true,fictional-tx-000013
2025-01-01,Fictional Reserve Ledger,Internal transfer,Fictional Reserve Pocket 04,Fictional supplied statement,Fictional independently authored ledger event,1.37,pair:pocket-in-4:2025-01-01,Fictional Aster,true,fictional-tx-000014
2025-01-01,Fictional Reserve Ledger,Internal transfer,Fictional Reserve Pocket 04,Fictional supplied statement,Fictional independently authored ledger event,-1.37,pair:pocket-out-4:2025-01-01,Fictional Aster,true,fictional-tx-000015
2025-01-01,Fictional Reserve Ledger,Internal transfer,Fictional Household Cash,Fictional supplied statement,Fictional independently authored ledger event,1.37,pair:pocket-out-4:2025-01-01,Fictional Aster,true,fictional-tx-000016
2025-01-01,Fictional Employer,Salary,Fictional Household Cash,Fictional supplied statement,Fictional independently authored ledger event,6200.00,,Fictional Aster,true,fictional-tx-000017
2025-01-02,Fictional Reserve Ledger,Internal transfer,Fictional Household Cash,Fictional supplied statement,Fictional independently authored ledger event,-1.37,pair:pocket-in-1:2025-01-02,Fictional Aster,true,fictional-tx-000018
2025-01-02,Fictional Reserve Ledger,Internal transfer,Fictional Reserve Pocket 01,Fictional supplied statement,Fictional independently authored ledger event,1.37,pair:pocket-in-1:2025-01-02,Fictional Aster,true,fictional-tx-000019
2025-01-02,Fictional Reserve Ledger,Internal transfer,Fictional Reserve Pocket 01,Fictional supplied statement,Fictional independently authored ledger event,-1.37,pair:pocket-out-1:2025-01-02,Fictional Aster,true,fictional-tx-000020
2025-01-02,Fictional Reserve Ledger,Internal transfer,Fictional Household Cash,Fictional supplied statement,Fictional independently authored ledger event,1.37,pair:pocket-out-1:2025-01-02,Fictional Aster,true,fictional-tx-000021
2025-01-02,Fictional Reserve Ledger,Internal transfer,Fictional Household Cash,Fictional supplied statement,Fictional independently authored ledger event,-1.37,pair:pocket-in-2:2025-01-02,Fictional Aster,true,fictional-tx-000022
2025-01-02,Fictional Reserve Ledger,Internal transfer,Fictional Reserve Pocket 02,Fictional supplied statement,Fictional independently authored ledger event,1.37,pair:pocket-in-2:2025-01-02,Fictional Aster,true,fictional-tx-000023
2025-01-02,Fictional Reserve Ledger,Internal transfer,Fictional Reserve Pocket 02,Fictional supplied statement,Fictional independently authored ledger event,-1.37,pair:pocket-out-2:2025-01-02,Fictional Aster,true,fictional-tx-000024
